16:38:12,NEW OBJECT: person (ID 7)
16:38:19,NEW OBJECT: cell phone (ID 9)
16:38:19,NEW OBJECT: remote (ID 10)
16:38:19,NEW OBJECT: cell phone (ID 9)
16:38:22,NEW OBJECT: cell phone (ID 18)
16:38:26,NEW OBJECT: remote (ID 23)
16:38:27,NEW OBJECT: cell phone (ID 18)
16:38:27,NEW OBJECT: remote (ID 24)
16:38:28,NEW OBJECT: remote (ID 28)
16:38:30,NEW OBJECT: remote (ID 32)
16:39:32,NEW OBJECT: cell phone (ID 15)
16:39:32,NEW OBJECT: cell phone (ID 18)
16:39:35,NEW OBJECT: remote (ID 24)
16:39:35,NEW OBJECT: cell phone (ID 15)
16:39:35,NEW OBJECT: remote (ID 25)
16:39:45,PROMOTION: cell phone (ID 15) is now Static
16:42:57,NEW OBJECT: person (ID 3)
16:42:58,NEW OBJECT: person (ID 3)
16:43:02,DISAPPEARANCE ANOMALY: person (ID 1) is missing!
16:43:08,PROMOTION: person (ID 3) is now Static
16:43:14,REAPPEARANCE: person is back!
16:43:14,NEW OBJECT: person (ID 8)
16:43:19,DISAPPEARANCE ANOMALY: person (ID 7) is missing!
16:43:30,REAPPEARANCE: person is back!
16:43:30,NEW OBJECT: person (ID 12)
16:43:31,NEW OBJECT: person (ID 14)
16:43:34,NEW OBJECT: person (ID 14)
16:43:35,NEW OBJECT: person (ID 12)
16:43:36,NEW OBJECT: person (ID 14)
16:43:39,NEW OBJECT: person (ID 15)
16:43:39,NEW OBJECT: person (ID 19)
16:43:40,NEW OBJECT: person (ID 15)
16:43:42,NEW OBJECT: person (ID 15)
16:43:44,NEW OBJECT: person (ID 25)
16:43:46,DISAPPEARANCE ANOMALY: person (ID 10) is missing!
16:43:54,REAPPEARANCE: person is back!
16:43:54,NEW OBJECT: cell phone (ID 35)
16:43:55,NEW OBJECT: cell phone (ID 35)
16:43:56,NEW OBJECT: cell phone (ID 39)
16:43:59,NEW OBJECT: cell phone (ID 39)
16:44:01,NEW OBJECT: cell phone (ID 41)
16:44:05,PROMOTION: cell phone (ID 35) is now Static
16:44:07,NEW OBJECT: cell phone (ID 46)
16:44:08,NEW OBJECT: cell phone (ID 46)
16:44:08,NEW OBJECT: cell phone (ID 46)
16:44:12,NEW OBJECT: person (ID 60)
16:44:12,DISAPPEARANCE ANOMALY: cell phone (ID 35) is missing!
16:44:12,NEW OBJECT: person (ID 74)
16:44:13,NEW OBJECT: person (ID 79)
16:44:13,NEW OBJECT: person (ID 74)
16:44:14,NEW OBJECT: refrigerator (ID 83)
16:44:15,DISAPPEARANCE ANOMALY: person (ID 25) is missing!
16:44:17,NEW OBJECT: tv (ID 85)
16:44:17,REAPPEARANCE: person is back!
16:44:17,NEW OBJECT: person (ID 95)
16:44:18,NEW OBJECT: person (ID 74)
16:44:18,NEW OBJECT: person (ID 95)
16:44:22,DISAPPEARANCE ANOMALY: person (ID 92) is missing!
16:44:22,REAPPEARANCE: person is back!
16:44:26,NEW OBJECT: person (ID 105)
16:44:26,NEW OBJECT: person (ID 105)
16:44:26,NEW OBJECT: person (ID 105)
16:44:26,NEW OBJECT: person (ID 105)
16:44:27,NEW OBJECT: person (ID 105)
16:44:35,NEW OBJECT: person (ID 111)
16:44:36,NEW OBJECT: person (ID 111)
16:44:37,DISAPPEARANCE ANOMALY: person (ID 95) is missing!
16:44:42,NEW OBJECT: chair (ID 117)
16:45:42,NEW OBJECT: person (ID 6)
16:45:48,NEW OBJECT: person (ID 8)
16:45:58,PROMOTION: person (ID 8) is now Static
16:46:03,DISAPPEARANCE ANOMALY: person (ID 8) is missing!
16:46:04,REAPPEARANCE: person is back!
16:46:10,NEW OBJECT: person (ID 18)
16:46:10,NEW OBJECT: person (ID 20)
16:46:10,NEW OBJECT: person (ID 20)
16:46:10,DISAPPEARANCE ANOMALY: person (ID 16) is missing!
16:46:14,REAPPEARANCE: person is back!
16:46:14,NEW OBJECT: person (ID 23)
16:46:14,NEW OBJECT: person (ID 24)
16:46:15,NEW OBJECT: person (ID 24)
16:46:18,DISAPPEARANCE ANOMALY: person (ID 22) is missing!
16:56:34,NEW OBJECT VERIFIED: person (ID 3)
16:56:34,NEW OBJECT VERIFIED: person (ID 5)
16:56:38,NEW OBJECT VERIFIED: person (ID 8)
16:56:41,NEW OBJECT VERIFIED: cell phone (ID 11)
16:56:51,PROMOTION: cell phone (ID 11) is now Static
16:56:58,DISAPPEARANCE ANOMALY: cell phone (ID 11) is missing!
16:56:59,REAPPEARANCE: cell phone is back!
16:57:04,NEW OBJECT VERIFIED: cell phone (ID 15)
16:57:06,DISAPPEARANCE ANOMALY: cell phone (ID 14) is missing!
16:57:09,REAPPEARANCE: cell phone is back!
16:57:15,NEW OBJECT VERIFIED: cell phone (ID 23)
16:57:17,DISAPPEARANCE ANOMALY: cell phone (ID 19) is missing!
16:57:19,REAPPEARANCE: cell phone is back!
16:57:24,NEW OBJECT VERIFIED: person (ID 26)
16:57:26,DISAPPEARANCE ANOMALY: cell phone (ID 24) is missing!
16:58:16,NEW OBJECT VERIFIED: person (ID 42)
16:58:18,NEW OBJECT VERIFIED: person (ID 45)
16:58:19,NEW OBJECT VERIFIED: person (ID 45)
16:58:20,NEW OBJECT VERIFIED: person (ID 49)
16:58:24,DISAPPEARANCE ANOMALY: person (ID 1) is missing!
16:58:30,PROMOTION: person (ID 49) is now Static
16:58:32,NEW OBJECT VERIFIED: tv (ID 56)
16:58:33,NEW OBJECT VERIFIED: tv (ID 56)
16:58:34,NEW OBJECT VERIFIED: tv (ID 56)
16:58:36,NEW OBJECT VERIFIED: tv (ID 56)
16:58:37,NEW OBJECT VERIFIED: tv (ID 56)
16:58:40,REAPPEARANCE: person is back!
16:58:49,DISAPPEARANCE ANOMALY: person (ID 59) is missing!
16:58:49,REAPPEARANCE: person is back!
16:58:54,NEW OBJECT VERIFIED: tv (ID 79)
16:58:55,NEW OBJECT VERIFIED: tv (ID 79)
16:58:55,DISAPPEARANCE ANOMALY: person (ID 49) is missing!
16:58:56,NEW OBJECT VERIFIED: tv (ID 79)
16:59:08,REAPPEARANCE: person is back!
16:59:08,NEW OBJECT VERIFIED: person (ID 90)
16:59:12,DISAPPEARANCE ANOMALY: person (ID 89) is missing!
16:59:12,NEW OBJECT VERIFIED: pizza (ID 102)
16:59:12,NEW OBJECT VERIFIED: donut (ID 104)
16:59:13,REAPPEARANCE: person is back!
16:59:19,NEW OBJECT VERIFIED: pizza (ID 114)
16:59:19,DISAPPEARANCE ANOMALY: person (ID 109) is missing!
17:08:10,NEW OBJECT VERIFIED: person (ID 19)
17:08:11,NEW OBJECT VERIFIED: person (ID 23)
17:08:12,NEW OBJECT VERIFIED: person (ID 23)
17:08:20,PROMOTION: person (ID 19) is now Static
17:08:23,NEW OBJECT VERIFIED: person (ID 27)
17:08:25,NEW OBJECT VERIFIED: person (ID 35)
17:08:26,DISAPPEARANCE ANOMALY: person (ID 19) is missing!
17:08:28,REAPPEARANCE: person is back!
17:08:31,NEW OBJECT VERIFIED: person (ID 44)
17:08:34,DISAPPEARANCE ANOMALY: person (ID 42) is missing!
17:08:39,REAPPEARANCE: person is back!
17:08:46,DISAPPEARANCE ANOMALY: person (ID 44) is missing!
17:08:47,REAPPEARANCE: person is back!
17:08:54,DISAPPEARANCE ANOMALY: person (ID 58) is missing!
17:09:02,REAPPEARANCE: person is back!
17:09:06,NEW OBJECT VERIFIED: cell phone (ID 66)
17:09:08,DISAPPEARANCE ANOMALY: person (ID 63) is missing!
17:09:16,PROMOTION: cell phone (ID 66) is now Static
17:09:23,DISAPPEARANCE ANOMALY: cell phone (ID 66) is missing!
17:09:25,REAPPEARANCE: cell phone is back!
17:09:34,DISAPPEARANCE ANOMALY: cell phone (ID 72) is missing!
17:09:37,REAPPEARANCE: cell phone is back!
17:09:45,NEW OBJECT VERIFIED: cell phone (ID 82)
17:09:52,NEW OBJECT VERIFIED: cell phone (ID 84)
17:09:54,NEW OBJECT VERIFIED: remote (ID 91)
17:09:55,NEW OBJECT VERIFIED: remote (ID 93)
17:09:55,DISAPPEARANCE ANOMALY: cell phone (ID 76) is missing!
17:09:56,NEW OBJECT VERIFIED: remote (ID 100)
17:09:57,NEW OBJECT VERIFIED: remote (ID 103)
17:09:58,REAPPEARANCE: cell phone is back!
17:10:02,PROMOTION: cell phone (ID 84) is now Static
17:10:03,DISAPPEARANCE ANOMALY: cell phone (ID 104) is missing!
17:10:05,REAPPEARANCE: cell phone is back!
17:10:08,NEW OBJECT VERIFIED: cell phone (ID 116)
17:10:08,NEW OBJECT VERIFIED: cell phone (ID 115)
17:10:10,DISAPPEARANCE ANOMALY: cell phone (ID 107) is missing!
17:10:11,REAPPEARANCE: cell phone is back!
17:10:12,REAPPEARANCE: person is back!
17:10:16,DISAPPEARANCE ANOMALY: cell phone (ID 121) is missing!
17:10:17,REAPPEARANCE: cell phone is back!
17:10:17,DISAPPEARANCE ANOMALY: person (ID 123) is missing!
17:10:21,DISAPPEARANCE ANOMALY: cell phone (ID 84) is missing!
17:10:22,REAPPEARANCE: cell phone is back!
17:10:25,NEW OBJECT VERIFIED: cell phone (ID 146)
17:10:25,DISAPPEARANCE ANOMALY: cell phone (ID 131) is missing!
17:10:26,NEW OBJECT VERIFIED: remote (ID 148)
17:10:27,REAPPEARANCE: cell phone is back!
17:10:28,NEW OBJECT VERIFIED: cell phone (ID 148)
17:10:29,DISAPPEARANCE ANOMALY: cell phone (ID 133) is missing!
17:10:29,REAPPEARANCE: cell phone is back!
17:10:32,NEW OBJECT VERIFIED: cell phone (ID 166)
17:10:34,NEW OBJECT VERIFIED: cell phone (ID 171)
17:10:35,DISAPPEARANCE ANOMALY: cell phone (ID 150) is missing!
17:10:36,DISAPPEARANCE ANOMALY: cell phone (ID 148) is missing!
17:10:36,NEW OBJECT VERIFIED: tv (ID 180)
17:10:37,NEW OBJECT VERIFIED: tv (ID 180)
17:10:39,REAPPEARANCE: cell phone is back!
17:10:39,REAPPEARANCE: cell phone is back!
17:10:44,DISAPPEARANCE ANOMALY: cell phone (ID 183) is missing!
17:10:47,DISAPPEARANCE ANOMALY: cell phone (ID 171) is missing!
17:11:16,REAPPEARANCE: person is back!
17:11:28,NEW OBJECT VERIFIED: person (ID 203)
17:11:31,NEW OBJECT VERIFIED: person (ID 203)
17:11:31,DISAPPEARANCE ANOMALY: person (ID 194) is missing!
17:11:32,REAPPEARANCE: person is back!
17:11:36,DISAPPEARANCE ANOMALY: person (ID 210) is missing!
17:11:41,PROMOTION: person (ID 203) is now Static
17:11:42,REAPPEARANCE: cell phone is back!
17:11:44,REAPPEARANCE: person is back!
17:11:45,NEW OBJECT VERIFIED: person (ID 223)
17:11:46,DISAPPEARANCE ANOMALY: person (ID 203) is missing!
17:11:47,REAPPEARANCE: cell phone is back!
17:11:49,DISAPPEARANCE ANOMALY: cell phone (ID 219) is missing!
17:11:49,DISAPPEARANCE ANOMALY: person (ID 221) is missing!
17:11:51,DISAPPEARANCE ANOMALY: cell phone (ID 226) is missing!
17:11:51,REAPPEARANCE: person is back!
17:11:54,REAPPEARANCE: cell phone is back!
17:11:58,DISAPPEARANCE ANOMALY: person (ID 235) is missing!
17:12:12,REAPPEARANCE: cell phone is back!
17:12:15,NEW OBJECT VERIFIED: cell phone (ID 253)
17:12:17,NEW OBJECT VERIFIED: cell phone (ID 255)
17:12:17,REAPPEARANCE: person is back!
17:12:18,DISAPPEARANCE ANOMALY: cell phone (ID 249) is missing!
17:12:19,DISAPPEARANCE ANOMALY: cell phone (ID 242) is missing!
17:12:23,REAPPEARANCE: person is back!
17:12:23,DISAPPEARANCE ANOMALY: person (ID 253) is missing!
17:12:28,DISAPPEARANCE ANOMALY: person (ID 258) is missing!
17:12:37,REAPPEARANCE: cell phone is back!
17:12:42,DISAPPEARANCE ANOMALY: cell phone (ID 263) is missing!
16:22:36,NEW OBJECT VERIFIED: person (ID 46)
16:22:36,NEW OBJECT VERIFIED: chair (ID 53)
16:22:36,NEW OBJECT VERIFIED: person (ID 62)
16:22:36,NEW OBJECT VERIFIED: person (ID 54)
16:22:36,NEW OBJECT VERIFIED: person (ID 58)
16:22:36,NEW OBJECT VERIFIED: person (ID 83)
16:22:36,NEW OBJECT VERIFIED: chair (ID 74)
16:22:37,NEW OBJECT VERIFIED: person (ID 116)
16:22:37,NEW OBJECT VERIFIED: chair (ID 67)
16:22:39,NEW OBJECT VERIFIED: chair (ID 74)
16:22:39,NEW OBJECT VERIFIED: person (ID 164)
16:22:39,NEW OBJECT VERIFIED: chair (ID 74)
16:22:39,NEW OBJECT VERIFIED: chair (ID 67)
16:22:41,NEW OBJECT VERIFIED: chair (ID 74)
16:22:41,NEW OBJECT VERIFIED: person (ID 191)
16:22:41,NEW OBJECT VERIFIED: chair (ID 74)
16:22:42,NEW OBJECT VERIFIED: chair (ID 201)
16:22:42,NEW OBJECT VERIFIED: chair (ID 67)
16:22:42,NEW OBJECT VERIFIED: chair (ID 74)
16:22:42,NEW OBJECT VERIFIED: person (ID 204)
16:22:42,NEW OBJECT VERIFIED: chair (ID 74)
16:22:42,NEW OBJECT VERIFIED: person (ID 164)
16:22:43,NEW OBJECT VERIFIED: chair (ID 74)
16:22:44,NEW OBJECT VERIFIED: person (ID 204)
16:22:44,NEW OBJECT VERIFIED: chair (ID 74)
16:22:45,NEW OBJECT VERIFIED: chair (ID 227)
16:22:45,NEW OBJECT VERIFIED: person (ID 204)
16:22:45,NEW OBJECT VERIFIED: person (ID 235)
16:22:45,NEW OBJECT VERIFIED: person (ID 204)
16:22:45,NEW OBJECT VERIFIED: person (ID 247)
16:22:46,NEW OBJECT VERIFIED: person (ID 254)
16:22:46,PROMOTION: person (ID 62) is now Static
16:22:46,NEW OBJECT VERIFIED: person (ID 262)
16:22:47,NEW OBJECT VERIFIED: person (ID 164)
16:22:47,NEW OBJECT VERIFIED: chair (ID 53)
16:22:47,NEW OBJECT VERIFIED: chair (ID 74)
16:22:47,NEW OBJECT VERIFIED: person (ID 46)
16:22:47,NEW OBJECT VERIFIED: person (ID 254)
16:22:47,NEW OBJECT VERIFIED: person (ID 191)
16:22:47,NEW OBJECT VERIFIED: person (ID 247)
16:22:47,NEW OBJECT VERIFIED: chair (ID 227)
16:22:48,NEW OBJECT VERIFIED: person (ID 300)
16:22:48,NEW OBJECT VERIFIED: chair (ID 302)
16:22:48,NEW OBJECT VERIFIED: chair (ID 227)
16:22:50,DISAPPEARANCE ANOMALY: person (ID 3) is missing!
16:22:50,DISAPPEARANCE ANOMALY: person (ID 5) is missing!
16:22:50,DISAPPEARANCE ANOMALY: person (ID 4) is missing!
16:22:50,REAPPEARANCE: person is back!
16:22:53,NEW OBJECT VERIFIED: chair (ID 227)
16:22:53,REAPPEARANCE: person is back!
16:22:53,NEW OBJECT VERIFIED: chair (ID 74)
16:22:54,NEW OBJECT VERIFIED: chair (ID 302)
16:22:54,REAPPEARANCE: person is back!
16:22:54,NEW OBJECT VERIFIED: chair (ID 227)
16:22:54,NEW OBJECT VERIFIED: person (ID 387)
16:22:54,NEW OBJECT VERIFIED: person (ID 389)
16:22:55,NEW OBJECT VERIFIED: person (ID 164)
16:22:55,NEW OBJECT VERIFIED: chair (ID 392)
16:22:55,NEW OBJECT VERIFIED: person (ID 397)
16:22:55,NEW OBJECT VERIFIED: chair (ID 74)
16:22:55,NEW OBJECT VERIFIED: chair (ID 401)
16:22:55,NEW OBJECT VERIFIED: chair (ID 392)
16:22:56,NEW OBJECT VERIFIED: person (ID 432)
16:22:56,NEW OBJECT VERIFIED: person (ID 434)
16:22:56,NEW OBJECT VERIFIED: chair (ID 433)
16:22:57,NEW OBJECT VERIFIED: person (ID 436)
16:22:57,PROMOTION: chair (ID 53) is now Static
16:22:57,PROMOTION: person (ID 46) is now Static
16:22:57,PROMOTION: person (ID 254) is now Static
16:22:57,PROMOTION: person (ID 191) is now Static
16:22:57,PROMOTION: person (ID 247) is now Static
16:22:57,NEW OBJECT VERIFIED: chair (ID 433)
16:22:57,NEW OBJECT VERIFIED: chair (ID 74)
16:22:57,NEW OBJECT VERIFIED: person (ID 397)
16:22:58,NEW OBJECT VERIFIED: person (ID 397)
16:22:58,NEW OBJECT VERIFIED: person (ID 300)
16:22:58,NEW OBJECT VERIFIED: couch (ID 433)
16:22:59,DISAPPEARANCE ANOMALY: person (ID 374) is missing!
16:22:59,DISAPPEARANCE ANOMALY: person (ID 62) is missing!
16:22:59,DISAPPEARANCE ANOMALY: person (ID 8) is missing!
16:22:59,NEW OBJECT VERIFIED: couch (ID 74)
16:22:59,DISAPPEARANCE ANOMALY: person (ID 336) is missing!
16:22:59,DISAPPEARANCE ANOMALY: person (ID 386) is missing!
16:23:00,REAPPEARANCE: person is back!
16:23:00,NEW OBJECT VERIFIED: chair (ID 474)
16:23:00,NEW OBJECT VERIFIED: chair (ID 74)
16:23:01,NEW OBJECT VERIFIED: chair (ID 74)
16:23:01,NEW OBJECT VERIFIED: chair (ID 433)
16:23:01,REAPPEARANCE: person is back!
16:23:02,REAPPEARANCE: person is back!
16:23:02,REAPPEARANCE: person is back!
16:23:02,REAPPEARANCE: person is back!
16:23:03,NEW OBJECT VERIFIED: person (ID 432)
16:23:03,NEW OBJECT VERIFIED: chair (ID 511)
16:23:03,NEW OBJECT VERIFIED: person (ID 432)
16:23:05,PROMOTION: person (ID 164) is now Static
16:23:05,NEW OBJECT VERIFIED: couch (ID 543)
16:23:06,DISAPPEARANCE ANOMALY: person (ID 397) is missing!
16:23:06,REAPPEARANCE: person is back!
16:23:07,NEW OBJECT VERIFIED: person (ID 593)
16:23:07,NEW OBJECT VERIFIED: person (ID 589)
16:23:07,NEW OBJECT VERIFIED: chair (ID 598)
16:23:07,NEW OBJECT VERIFIED: person (ID 589)
16:23:08,NEW OBJECT VERIFIED: chair (ID 598)
16:23:08,NEW OBJECT VERIFIED: person (ID 589)
16:23:09,NEW OBJECT VERIFIED: chair (ID 598)
16:23:09,NEW OBJECT VERIFIED: person (ID 629)
16:23:10,NEW OBJECT VERIFIED: person (ID 589)
16:23:10,NEW OBJECT VERIFIED: chair (ID 598)
16:23:10,NEW OBJECT VERIFIED: chair (ID 635)
16:23:10,NEW OBJECT VERIFIED: person (ID 589)
16:23:10,NEW OBJECT VERIFIED: chair (ID 598)
16:23:11,NEW OBJECT VERIFIED: person (ID 642)
16:23:11,NEW OBJECT VERIFIED: person (ID 642)
16:23:12,NEW OBJECT VERIFIED: couch (ID 635)
16:23:12,NEW OBJECT VERIFIED: person (ID 589)
16:23:12,NEW OBJECT VERIFIED: chair (ID 635)
16:23:13,NEW OBJECT VERIFIED: chair (ID 635)
16:23:13,NEW OBJECT VERIFIED: person (ID 629)
16:23:13,NEW OBJECT VERIFIED: person (ID 642)
16:23:13,DISAPPEARANCE ANOMALY: person (ID 432) is missing!
16:23:13,REAPPEARANCE: person is back!
16:23:13,PROMOTION: chair (ID 511) is now Static
16:23:13,NEW OBJECT VERIFIED: chair (ID 685)
16:23:14,NEW OBJECT VERIFIED: person (ID 700)
16:23:14,NEW OBJECT VERIFIED: chair (ID 701)
16:23:15,NEW OBJECT VERIFIED: chair (ID 635)
16:23:15,NEW OBJECT VERIFIED: person (ID 704)
16:50:27,NEW OBJECT VERIFIED: person (ID 46)
16:50:27,NEW OBJECT VERIFIED: person (ID 53)
16:50:28,NEW OBJECT VERIFIED: person (ID 3)
16:50:29,NEW OBJECT VERIFIED: person (ID 62)
16:50:29,NEW OBJECT VERIFIED: person (ID 66)
16:50:29,NEW OBJECT VERIFIED: person (ID 68)
16:50:29,NEW OBJECT VERIFIED: laptop (ID 71)
16:50:29,NEW OBJECT VERIFIED: person (ID 74)
16:50:29,NEW OBJECT VERIFIED: person (ID 88)
16:50:30,NEW OBJECT VERIFIED: person (ID 91)
16:50:30,NEW OBJECT VERIFIED: person (ID 3)
16:50:30,NEW OBJECT VERIFIED: person (ID 113)
16:50:31,NEW OBJECT VERIFIED: person (ID 3)
16:50:31,NEW OBJECT VERIFIED: chair (ID 119)
16:50:31,NEW OBJECT VERIFIED: person (ID 3)
16:50:32,NEW OBJECT VERIFIED: person (ID 113)
16:50:32,NEW OBJECT VERIFIED: person (ID 122)
16:50:32,NEW OBJECT VERIFIED: person (ID 3)
16:50:32,NEW OBJECT VERIFIED: laptop (ID 71)
16:50:32,NEW OBJECT VERIFIED: person (ID 91)
16:50:32,NEW OBJECT VERIFIED: person (ID 88)
16:50:32,NEW OBJECT VERIFIED: person (ID 91)
16:50:33,NEW OBJECT VERIFIED: person (ID 74)
16:50:33,NEW OBJECT VERIFIED: person (ID 91)
16:50:34,NEW OBJECT VERIFIED: person (ID 113)
16:50:35,NEW OBJECT VERIFIED: person (ID 74)
16:50:35,NEW OBJECT VERIFIED: mouse (ID 134)
16:50:36,NEW OBJECT VERIFIED: person (ID 113)
16:50:37,NEW OBJECT VERIFIED: person (ID 88)
16:50:37,NEW OBJECT VERIFIED: person (ID 113)
16:50:39,NEW OBJECT VERIFIED: person (ID 146)
16:50:39,NEW OBJECT VERIFIED: person (ID 88)
16:50:39,NEW OBJECT VERIFIED: person (ID 153)
16:50:39,PROMOTION: person (ID 62) is now Static
16:50:39,PROMOTION: person (ID 66) is now Static
16:50:39,NEW OBJECT VERIFIED: person (ID 167)
16:50:39,NEW OBJECT VERIFIED: person (ID 170)
16:50:40,NEW OBJECT VERIFIED: person (ID 170)
16:50:40,NEW OBJECT VERIFIED: person (ID 167)
16:50:41,NEW OBJECT VERIFIED: person (ID 153)
16:50:41,NEW OBJECT VERIFIED: person (ID 170)
16:50:41,NEW OBJECT VERIFIED: person (ID 167)
16:50:41,NEW OBJECT VERIFIED: person (ID 178)
16:50:41,NEW OBJECT VERIFIED: person (ID 153)
16:50:41,NEW OBJECT VERIFIED: person (ID 170)
16:50:41,NEW OBJECT VERIFIED: person (ID 167)
16:50:42,PROMOTION: laptop (ID 71) is now Static
16:50:43,NEW OBJECT VERIFIED: person (ID 153)
16:50:43,NEW OBJECT VERIFIED: person (ID 170)
16:50:44,NEW OBJECT VERIFIED: person (ID 88)
16:50:45,PROMOTION: person (ID 74) is now Static
16:50:46,NEW OBJECT VERIFIED: person (ID 170)
16:50:47,NEW OBJECT VERIFIED: person (ID 146)
16:50:47,NEW OBJECT VERIFIED: person (ID 212)
16:50:47,NEW OBJECT VERIFIED: person (ID 146)
16:50:47,NEW OBJECT VERIFIED: person (ID 222)
16:50:48,NEW OBJECT VERIFIED: person (ID 226)
16:50:48,NEW OBJECT VERIFIED: person (ID 212)
16:50:49,NEW OBJECT VERIFIED: mouse (ID 233)
16:50:50,NEW OBJECT VERIFIED: person (ID 153)
16:50:51,DISAPPEARANCE ANOMALY: person (ID 62) is missing!
16:50:53,REAPPEARANCE: person is back!
16:50:53,NEW OBJECT VERIFIED: person (ID 222)
16:50:53,NEW OBJECT VERIFIED: person (ID 170)
16:50:53,NEW OBJECT VERIFIED: person (ID 212)
16:50:53,NEW OBJECT VERIFIED: mouse (ID 233)
16:50:53,NEW OBJECT VERIFIED: person (ID 260)
16:50:54,NEW OBJECT VERIFIED: person (ID 261)
16:50:54,NEW OBJECT VERIFIED: person (ID 226)
16:50:54,NEW OBJECT VERIFIED: person (ID 264)
16:50:54,NEW OBJECT VERIFIED: person (ID 260)
16:50:55,DISAPPEARANCE ANOMALY: person (ID 74) is missing!
16:50:55,REAPPEARANCE: person is back!
16:50:59,NEW OBJECT VERIFIED: person (ID 289)
16:51:00,NEW OBJECT VERIFIED: person (ID 226)
16:51:00,NEW OBJECT VERIFIED: person (ID 307)
16:51:01,NEW OBJECT VERIFIED: person (ID 261)
16:51:02,DISAPPEARANCE ANOMALY: person (ID 275) is missing!
16:51:02,REAPPEARANCE: person is back!
16:51:07,DISAPPEARANCE ANOMALY: laptop (ID 71) is missing!
16:51:07,DISAPPEARANCE ANOMALY: person (ID 170) is missing!
16:51:07,REAPPEARANCE: person is back!
16:51:07,DISAPPEARANCE ANOMALY: person (ID 5) is missing!
16:51:07,DISAPPEARANCE ANOMALY: person (ID 66) is missing!
16:51:09,REAPPEARANCE: person is back!
16:51:09,REAPPEARANCE: person is back!
16:51:09,REAPPEARANCE: laptop is back!
16:51:09,NEW OBJECT VERIFIED: person (ID 362)
16:51:14,NEW OBJECT VERIFIED: person (ID 397)
16:51:14,NEW OBJECT VERIFIED: person (ID 398)
16:51:15,DISAPPEARANCE ANOMALY: person (ID 354) is missing!
16:51:15,DISAPPEARANCE ANOMALY: laptop (ID 361) is missing!
16:51:15,DISAPPEARANCE ANOMALY: person (ID 359) is missing!
16:51:15,REAPPEARANCE: person is back!
16:51:18,DISAPPEARANCE ANOMALY: person (ID 349) is missing!
16:51:18,REAPPEARANCE: person is back!
16:51:18,REAPPEARANCE: person is back!
16:51:18,REAPPEARANCE: laptop is back!
16:51:19,NEW OBJECT VERIFIED: person (ID 440)
16:51:19,NEW OBJECT VERIFIED: person (ID 441)
16:51:19,NEW OBJECT VERIFIED: person (ID 446)
16:51:19,NEW OBJECT VERIFIED: person (ID 450)
16:51:19,NEW OBJECT VERIFIED: person (ID 451)
16:51:20,NEW OBJECT VERIFIED: person (ID 464)
16:51:20,NEW OBJECT VERIFIED: laptop (ID 477)
16:51:21,NEW OBJECT VERIFIED: person (ID 501)
16:51:21,NEW OBJECT VERIFIED: person (ID 503)
16:51:22,DISAPPEARANCE ANOMALY: person (ID 418) is missing!
16:51:22,REAPPEARANCE: person is back!
16:51:22,NEW OBJECT VERIFIED: laptop (ID 509)
16:51:22,DISAPPEARANCE ANOMALY: person (ID 153) is missing!
16:51:22,REAPPEARANCE: person is back!
16:51:23,NEW OBJECT VERIFIED: person (ID 530)
16:51:23,DISAPPEARANCE ANOMALY: person (ID 439) is missing!
16:51:23,REAPPEARANCE: person is back!
16:51:24,DISAPPEARANCE ANOMALY: person (ID 2) is missing!
16:51:24,REAPPEARANCE: person is back!
16:51:24,DISAPPEARANCE ANOMALY: person (ID 435) is missing!
16:51:25,NEW OBJECT VERIFIED: chair (ID 548)
16:51:26,NEW OBJECT VERIFIED: chair (ID 548)
16:51:26,NEW OBJECT VERIFIED: laptop (ID 509)
16:51:26,DISAPPEARANCE ANOMALY: person (ID 505) is missing!
16:51:26,REAPPEARANCE: person is back!
16:51:26,REAPPEARANCE: person is back!
16:51:27,NEW OBJECT VERIFIED: chair (ID 548)
16:51:27,NEW OBJECT VERIFIED: laptop (ID 509)
16:51:28,NEW OBJECT VERIFIED: person (ID 613)
16:51:28,NEW OBJECT VERIFIED: chair (ID 548)
16:51:28,NEW OBJECT VERIFIED: chair (ID 548)
16:51:28,NEW OBJECT VERIFIED: person (ID 618)
16:51:29,NEW OBJECT VERIFIED: chair (ID 548)
16:51:29,NEW OBJECT VERIFIED: person (ID 618)
16:51:29,NEW OBJECT VERIFIED: person (ID 622)
16:51:29,NEW OBJECT VERIFIED: hot dog (ID 627)
16:51:29,NEW OBJECT VERIFIED: person (ID 622)
16:51:30,NEW OBJECT VERIFIED: laptop (ID 629)
16:51:30,NEW OBJECT VERIFIED: person (ID 627)
16:51:30,NEW OBJECT VERIFIED: person (ID 638)
16:51:30,NEW OBJECT VERIFIED: person (ID 639)
17:06:04,NEW OBJECT VERIFIED: person (ID 69)
17:06:04,NEW OBJECT VERIFIED: person (ID 84)
17:06:04,NEW OBJECT VERIFIED: person (ID 89)
17:06:04,NEW OBJECT VERIFIED: person (ID 92)
17:06:04,NEW OBJECT VERIFIED: person (ID 15)
17:06:04,NEW OBJECT VERIFIED: person (ID 97)
17:06:05,NEW OBJECT VERIFIED: person (ID 97)
17:06:06,NEW OBJECT VERIFIED: person (ID 97)
17:06:07,NEW OBJECT VERIFIED: person (ID 151)
17:06:07,NEW OBJECT VERIFIED: person (ID 153)
17:06:07,NEW OBJECT VERIFIED: person (ID 164)
17:06:07,NEW OBJECT VERIFIED: person (ID 166)
17:06:07,NEW OBJECT VERIFIED: person (ID 167)
17:06:07,NEW OBJECT VERIFIED: person (ID 168)
17:06:09,NEW OBJECT VERIFIED: person (ID 176)
17:06:09,NEW OBJECT VERIFIED: person (ID 178)
17:06:09,NEW OBJECT VERIFIED: person (ID 168)
17:06:10,DISAPPEARANCE ANOMALY: person (ID 4) is missing!
17:06:10,REAPPEARANCE: person is back!
17:06:10,NEW OBJECT VERIFIED: person (ID 182)
17:06:10,NEW OBJECT VERIFIED: person (ID 178)
17:06:11,NEW OBJECT VERIFIED: person (ID 194)
17:06:11,NEW OBJECT VERIFIED: person (ID 195)
17:06:11,NEW OBJECT VERIFIED: person (ID 182)
17:06:11,NEW OBJECT VERIFIED: person (ID 194)
17:06:11,NEW OBJECT VERIFIED: person (ID 84)
17:06:12,NEW OBJECT VERIFIED: person (ID 89)
17:06:12,NEW OBJECT VERIFIED: person (ID 168)
17:06:14,NEW OBJECT VERIFIED: person (ID 211)
17:06:14,NEW OBJECT VERIFIED: person (ID 89)
17:06:15,DISAPPEARANCE ANOMALY: person (ID 176) is missing!
17:06:16,REAPPEARANCE: person is back!
17:06:16,NEW OBJECT VERIFIED: person (ID 89)
17:06:17,NEW OBJECT VERIFIED: person (ID 211)
17:06:17,PROMOTION: person (ID 167) is now Static
17:06:17,NEW OBJECT VERIFIED: person (ID 89)
17:06:17,DISAPPEARANCE ANOMALY: person (ID 1) is missing!
17:06:18,REAPPEARANCE: person is back!
17:06:19,NEW OBJECT VERIFIED: person (ID 245)
17:06:19,NEW OBJECT VERIFIED: chair (ID 254)
17:06:20,NEW OBJECT VERIFIED: person (ID 265)
17:06:20,NEW OBJECT VERIFIED: person (ID 268)
17:06:20,NEW OBJECT VERIFIED: person (ID 271)
17:06:21,NEW OBJECT VERIFIED: person (ID 245)
17:06:21,NEW OBJECT VERIFIED: person (ID 245)
17:06:21,PROMOTION: person (ID 84) is now Static
17:06:22,PROMOTION: person (ID 168) is now Static
17:06:22,NEW OBJECT VERIFIED: person (ID 245)
17:06:22,NEW OBJECT VERIFIED: person (ID 265)
17:06:22,NEW OBJECT VERIFIED: person (ID 89)
17:06:23,NEW OBJECT VERIFIED: person (ID 265)
17:06:23,DISAPPEARANCE ANOMALY: person (ID 218) is missing!
17:06:23,REAPPEARANCE: person is back!
17:06:24,NEW OBJECT VERIFIED: person (ID 265)
17:06:24,NEW OBJECT VERIFIED: person (ID 245)
17:06:24,NEW OBJECT VERIFIED: person (ID 265)
17:06:25,NEW OBJECT VERIFIED: person (ID 245)
17:06:25,NEW OBJECT VERIFIED: person (ID 296)
17:06:26,NEW OBJECT VERIFIED: person (ID 299)
17:06:28,NEW OBJECT VERIFIED: person (ID 299)
17:06:28,NEW OBJECT VERIFIED: person (ID 265)
17:06:28,NEW OBJECT VERIFIED: person (ID 308)
17:06:28,NEW OBJECT VERIFIED: person (ID 265)
17:06:29,NEW OBJECT VERIFIED: chair (ID 316)
17:06:29,NEW OBJECT VERIFIED: person (ID 265)
17:06:29,NEW OBJECT VERIFIED: person (ID 299)
17:06:29,NEW OBJECT VERIFIED: person (ID 265)
17:06:30,PROMOTION: person (ID 271) is now Static
17:06:30,NEW OBJECT VERIFIED: person (ID 265)
17:06:31,NEW OBJECT VERIFIED: person (ID 299)
17:06:31,NEW OBJECT VERIFIED: person (ID 321)
17:06:31,NEW OBJECT VERIFIED: person (ID 326)
17:06:31,NEW OBJECT VERIFIED: person (ID 265)
17:06:31,NEW OBJECT VERIFIED: person (ID 321)
17:06:31,NEW OBJECT VERIFIED: person (ID 265)
17:06:32,DISAPPEARANCE ANOMALY: person (ID 168) is missing!
17:06:32,REAPPEARANCE: person is back!
17:06:32,NEW OBJECT VERIFIED: person (ID 329)
17:06:32,NEW OBJECT VERIFIED: person (ID 299)
17:06:33,NEW OBJECT VERIFIED: person (ID 299)
17:06:33,NEW OBJECT VERIFIED: person (ID 299)
17:06:34,NEW OBJECT VERIFIED: person (ID 299)
17:06:35,DISAPPEARANCE ANOMALY: person (ID 289) is missing!
17:06:35,DISAPPEARANCE ANOMALY: person (ID 167) is missing!
17:06:35,REAPPEARANCE: person is back!
17:06:35,REAPPEARANCE: person is back!
17:06:35,DISAPPEARANCE ANOMALY: person (ID 271) is missing!
17:06:37,DISAPPEARANCE ANOMALY: person (ID 84) is missing!
17:06:38,NEW OBJECT VERIFIED: chair (ID 344)
17:06:40,DISAPPEARANCE ANOMALY: person (ID 330) is missing!
17:06:41,PROMOTION: person (ID 321) is now Static
17:06:41,REAPPEARANCE: person is back!
17:06:42,REAPPEARANCE: person is back!
