timestamp,obj_id,class_id,confidence,age_frames,velocity_px,aspect_ratio
1769160609.5750945,1,0,0.8885,0,0.0,1.65
1769160609.6462445,1,0,0.9007,1,0.67,1.65
1769160609.6957362,1,0,0.9004,2,0.73,1.65
1769160609.7558744,1,0,0.9046,3,0.55,1.66
1769160609.8035717,1,0,0.9024,4,0.19,1.66
1769160609.8557966,1,0,0.9023,5,0.4,1.66
1769160609.9010994,1,0,0.9057,6,0.14,1.66
1769160609.9511158,1,0,0.9085,7,0.07,1.66
1769160610.0053158,1,0,0.8944,8,0.14,1.66
1769160610.050438,1,0,0.8996,9,0.21,1.66
1769160610.098198,1,0,0.9058,10,0.68,1.66
1769160610.1430538,1,0,0.9,11,0.8,1.66
1769160610.1882355,1,0,0.8999,12,0.47,1.65
1769160610.239792,1,0,0.8895,13,0.32,1.65
1769160610.300476,1,0,0.8899,14,1.04,1.66
1769160610.3615787,1,0,0.8957,15,0.23,1.66
1769160610.413436,1,0,0.8889,16,0.22,1.66
1769160610.479909,1,0,0.8967,17,0.16,1.65
1769160610.5346513,1,0,0.8919,18,0.43,1.65
1769160610.5853524,1,0,0.8995,19,0.54,1.66
1769160610.6300914,1,0,0.8787,20,0.36,1.66
1769160610.6883132,1,0,0.8909,21,0.32,1.66
1769160610.7548153,1,0,0.8871,22,0.37,1.65
1769160610.8143978,1,0,0.8704,23,0.84,1.65
1769160610.8625433,1,0,0.8706,24,0.08,1.65
1769160610.9149506,1,0,0.883,25,0.71,1.65
1769160610.9695392,1,0,0.8541,26,0.4,1.65
1769160611.0228527,1,0,0.8563,27,2.47,1.64
1769160611.0711327,1,0,0.8576,28,0.8,1.64
1769160611.126689,1,0,0.8495,29,1.02,1.64
1769160611.1752732,1,0,0.8501,30,0.32,1.64
1769160611.2245214,1,0,0.8581,31,0.63,1.64
1769160611.2710671,1,0,0.8557,32,1.04,1.65
1769160611.321045,1,0,0.8564,33,0.62,1.65
1769160611.3674343,1,0,0.8664,34,1.21,1.64
1769160611.415084,1,0,0.8613,35,1.13,1.65
1769160611.4616776,1,0,0.8591,36,0.12,1.65
1769160611.5163314,1,0,0.8817,37,0.41,1.65
1769160611.5644417,1,0,0.8736,38,0.27,1.65
1769160611.6293993,1,0,0.8697,39,1.08,1.66
1769160611.6931193,1,0,0.8827,40,0.09,1.66
1769160611.7500787,1,0,0.9114,41,0.64,1.66
1769160611.798411,1,0,0.8983,42,0.42,1.66
1769160611.8463936,1,0,0.895,43,0.59,1.66
1769160611.8904362,1,0,0.9019,44,0.12,1.66
1769160611.9348004,1,0,0.909,45,0.42,1.65
1769160611.975422,1,0,0.9035,46,0.28,1.65
1769160612.031122,1,0,0.8987,47,1.0,1.66
1769160612.0788052,1,0,0.893,48,0.69,1.65
1769160612.1232026,1,0,0.8882,49,0.97,1.65
1769160612.1728015,1,0,0.8975,50,0.27,1.65
1769160612.2199786,1,0,0.9032,51,0.92,1.65
1769160612.2764573,1,0,0.901,52,0.11,1.66
1769160612.3222363,1,0,0.8925,53,0.4,1.65
1769160612.3743303,1,0,0.8931,54,0.44,1.65
1769160612.4461806,1,0,0.8846,55,1.0,1.66
1769160612.4959176,1,0,0.8846,56,0.23,1.66
1769160612.5397122,1,0,0.8962,57,1.38,1.66
1769160612.5867345,1,0,0.8896,58,0.7,1.65
1769160612.6382027,1,0,0.8911,59,0.61,1.66
1769160612.6839483,1,0,0.9018,60,0.17,1.65
1769160612.7345383,1,0,0.9041,61,0.1,1.66
1769160612.7770104,1,0,0.9151,62,0.24,1.66
1769160612.8290646,1,0,0.9096,63,0.87,1.65
1769160612.880239,1,0,0.9035,64,0.43,1.65
1769160612.930587,1,0,0.9035,65,0.16,1.65
1769160612.9742477,1,0,0.9099,66,0.49,1.65
1769160613.0266325,1,0,0.9125,67,0.3,1.65
1769160613.0730247,1,0,0.9175,68,0.21,1.65
1769160613.1241739,1,0,0.908,69,0.15,1.65
1769160613.1764698,1,0,0.9136,70,0.73,1.65
1769160613.2201736,1,0,0.9126,71,0.09,1.65
1769160613.268277,1,0,0.9126,72,0.3,1.65
1769160613.3218467,1,0,0.9108,73,0.57,1.65
1769160613.3819826,1,0,0.909,74,0.13,1.65
1769160613.4259617,1,0,0.9064,75,0.32,1.66
1769160613.4793541,1,0,0.9079,76,0.79,1.66
1769160613.5258524,1,0,0.9065,77,0.56,1.66
1769160613.577493,1,0,0.8947,78,1.98,1.67
1769160613.6333935,1,0,0.8799,79,0.8,1.66
1769160613.691753,1,0,0.8967,80,0.66,1.66
1769160613.742544,1,0,0.8973,81,0.38,1.65
1769160613.7871656,1,0,0.8973,82,0.22,1.65
1769160613.8502116,1,0,0.9218,83,3.32,1.66
1769160613.905321,1,0,0.9145,84,0.64,1.67
1769160613.9591708,1,0,0.8861,85,9.12,1.72
1769160614.010518,1,0,0.8934,86,8.91,1.77
1769160614.0761375,1,0,0.8925,87,6.18,1.72
1769160614.122265,1,0,0.8869,88,5.13,1.7
1769160614.1740036,1,0,0.9227,89,9.28,1.65
1769160614.22808,1,0,0.9143,90,3.46,1.65
1769160614.280075,1,0,0.9216,91,2.49,1.64
1769160614.3217425,1,0,0.9262,92,0.95,1.66
1769160614.3654685,1,0,0.9195,93,3.62,1.66
1769160614.4179285,1,0,0.9144,94,2.15,1.63
1769160614.4607363,1,0,0.9238,95,5.55,1.63
1769160614.508138,1,0,0.9106,96,30.01,1.61
1769160614.5549655,1,0,0.8987,97,9.38,1.63
1769160614.6090968,1,0,0.8987,98,3.35,1.64
1769160614.6588502,1,0,0.891,99,1.6,1.66
1769160614.7146795,1,0,0.8616,100,1.46,1.54
1769160614.775656,1,0,0.8776,101,16.57,1.49
1769160614.8204029,1,0,0.8837,102,7.67,1.46
1769160614.873515,1,0,0.8759,103,1.06,1.46
1769160614.9175875,1,0,0.8865,104,1.81,1.46
1769160614.9636462,1,0,0.8773,105,0.18,1.45
1769160615.0143063,1,0,0.8572,106,2.63,1.42
1769160615.0623384,1,0,0.8446,107,10.76,1.47
1769160615.1099906,1,0,0.8463,108,9.54,1.4
1769160615.1543221,1,0,0.8619,109,18.4,1.5
1769160615.2073107,1,0,0.8544,110,5.15,1.52
1769160615.2527468,1,0,0.8798,111,2.74,1.51
1769160615.3037686,1,0,0.8644,112,1.07,1.51
1769160615.348799,1,0,0.8622,113,4.37,1.49
1769160615.3963158,1,0,0.8766,114,1.2,1.53
1769160615.4520202,1,0,0.8829,115,8.98,1.53
1769160615.5120904,1,0,0.881,116,6.95,1.52
1769160615.5584104,1,0,0.8797,117,2.1,1.52
1769160615.6042404,1,0,0.8905,118,2.85,1.5
1769160615.6494546,1,0,0.8863,119,1.81,1.52
1769160615.7038887,1,0,0.8972,120,1.59,1.54
1769160615.74652,1,0,0.886,121,18.08,1.44
1769160615.7917683,1,0,0.8854,122,11.7,1.5
1769160615.8376718,1,0,0.8879,123,3.73,1.52
1769160615.891988,1,0,0.8904,124,0.79,1.55
1769160615.937869,1,0,0.8851,125,2.08,1.52
1769160615.989596,1,0,0.8863,126,2.63,1.47
1769160616.0426164,1,0,0.8699,127,3.09,1.47
1769160616.0911982,1,0,0.8781,128,3.11,1.46
1769160616.1460361,1,0,0.8692,129,3.74,1.44
1769160616.2015479,1,0,0.8757,130,1.64,1.45
1769160616.2517064,1,0,0.8706,131,1.46,1.47
1769160616.3010228,1,0,0.8754,132,5.59,1.46
1769160616.346102,1,0,0.8677,133,3.31,1.44
1769160616.401801,1,0,0.8617,134,3.93,1.45
1769160616.451757,1,0,0.8809,135,3.19,1.47
1769160616.5040014,1,0,0.8772,136,1.02,1.46
1769160616.5498857,1,0,0.8696,137,8.17,1.45
1769160616.5960972,1,0,0.8786,138,1.08,1.47
1769160616.6444247,1,0,0.8741,139,2.24,1.43
1769160616.7080243,1,0,0.8677,140,2.34,1.44
1769160616.7709153,1,0,0.8677,141,0.87,1.45
1769160616.8279352,1,0,0.866,142,3.71,1.47
1769160616.8718164,1,0,0.8737,143,4.81,1.46
1769160616.9189923,1,0,0.8771,144,6.19,1.48
1769160616.9717975,1,0,0.8893,145,2.96,1.5
1769160617.0292554,1,0,0.866,146,7.08,1.48
1769160617.0756028,1,0,0.874,147,7.05,1.48
1769160617.1233711,1,0,0.8702,148,2.57,1.45
1769160617.1645174,1,0,0.8775,149,0.19,1.45
1769160617.2436259,1,0,0.8704,150,0.93,1.45
1769160617.338628,1,0,0.8674,151,2.84,1.46
1769160617.422818,1,0,0.8619,152,1.07,1.45
1769160617.5034587,1,0,0.8653,153,4.22,1.45
1769160617.5856788,1,0,0.8899,154,3.49,1.51
1769160617.6623476,1,0,0.8899,155,0.53,1.52
1769160617.7359595,1,0,0.8761,156,4.32,1.56
1769160617.813643,1,0,0.8731,157,18.51,1.49
1769160617.892927,1,0,0.8788,158,5.34,1.49
1769160617.9661994,1,0,0.8849,159,5.47,1.43
1769160618.0448952,1,0,0.8905,160,10.28,1.53
1769160618.120716,1,0,0.8944,161,1.75,1.45
1769160618.1945057,1,0,0.8945,162,0.76,1.41
1769160618.2728195,1,0,0.8972,163,2.57,1.54
1769160618.3491635,1,0,0.8911,164,5.54,1.54
1769160618.4294517,1,0,0.8943,165,2.13,1.55
1769160618.50869,1,0,0.8991,166,0.23,1.55
1769160618.5875099,1,0,0.8931,167,0.2,1.55
1769160618.6621215,1,0,0.8847,168,9.37,1.52
1769160618.736429,1,0,0.8899,169,1.41,1.5
1769160618.813671,1,0,0.8769,170,3.36,1.5
1769160618.891407,1,0,0.8798,171,4.57,1.45
1769160618.9703777,1,0,0.8774,172,12.57,1.49
1769160619.0475037,1,0,0.8694,173,15.87,1.48
1769160619.1277547,1,0,0.8715,174,2.63,1.49
1769160619.2028816,1,0,0.8771,175,5.99,1.42
1769160619.2823102,1,0,0.8715,176,6.54,1.48
1769160619.3614423,1,0,0.8761,177,6.44,1.47
1769160619.43605,1,0,0.8718,178,2.54,1.49
1769160619.512806,1,0,0.892,179,9.87,1.46
1769160619.5878377,1,0,0.8787,180,6.37,1.47
1769160619.666411,1,0,0.8752,181,1.69,1.44
1769160619.7410185,1,0,0.8716,182,6.24,1.44
1769160619.8180468,1,0,0.8569,183,15.27,1.46
1769160619.8954082,1,0,0.8705,184,1.97,1.46
1769160619.9710062,1,0,0.8753,185,5.11,1.48
1769160620.0472097,1,0,0.8772,186,8.9,1.46
1769160620.126427,1,0,0.874,187,7.42,1.48
1769160620.205613,1,0,0.88,188,7.96,1.48
1769160620.2840397,1,0,0.906,189,8.23,1.55
1769160620.3626406,1,0,0.8856,190,3.64,1.54
1769160620.4406598,1,0,0.8991,191,7.8,1.57
1769160620.518732,1,0,0.9042,192,3.07,1.58
1769160620.5988262,1,0,0.9043,193,1.36,1.57
1769160620.6780105,1,0,0.9133,194,5.25,1.62
1769160620.7618449,1,0,0.9165,195,13.08,1.61
1769160620.8416343,1,0,0.9121,196,1.38,1.57
1769160620.9223695,1,0,0.9119,197,2.38,1.55
1769160621.0008025,1,0,0.9122,198,1.04,1.53
1769160621.084249,1,0,0.9008,199,3.54,1.53
1769160621.1650438,1,0,0.9148,200,0.64,1.53
1769160621.2456448,1,0,0.9147,201,3.94,1.52
1769160621.323119,1,0,0.916,202,0.46,1.52
1769160621.401394,1,0,0.9139,203,0.62,1.53
1769160621.478436,1,0,0.9072,204,0.9,1.52
1769160621.5589592,1,0,0.8996,205,5.9,1.51
1769160621.6422675,1,0,0.903,206,40.14,1.76
1769160621.7301884,1,0,0.8982,207,13.48,1.67
1769160621.8084745,1,0,0.8899,208,1.2,1.65
1769160621.8895717,1,0,0.8947,209,17.82,1.74
1769160621.9748292,1,0,0.8937,210,9.06,1.75
1769160621.975285,12,79,0.3581,0,0.0,2.47
1769160622.0611033,1,0,0.8847,211,1.22,1.76
1769160622.0615184,12,79,0.3549,1,5.58,2.95
1769160622.1002038,1,0,0.8847,212,0.13,1.76
1769160622.1006026,12,79,0.3549,2,0.23,2.97
1769160622.1852417,1,0,0.8724,213,18.46,1.62
1769160622.1856325,12,79,0.4588,3,2.23,3.04
1769160622.22519,1,0,0.8724,214,1.88,1.61
1769160622.2256086,12,79,0.4588,4,0.12,3.04
1769160622.3078809,1,0,0.8914,215,3.87,1.61
1769160622.3082504,12,79,0.4104,5,2.31,3.13
1769160622.3457928,1,0,0.8914,216,0.37,1.61
1769160622.346175,12,79,0.4104,6,0.2,3.13
1769160622.4306026,1,0,0.8775,217,22.35,1.75
1769160622.4309785,12,79,0.3991,7,4.27,3.01
1769160622.4702268,1,0,0.8775,218,2.15,1.77
1769160622.4706075,12,79,0.3991,8,0.14,3.0
1769160622.550352,1,0,0.8817,219,3.6,1.74
1769160622.5507302,12,79,0.3385,9,6.42,2.93
1769160622.5885384,1,0,0.8817,220,0.54,1.74
1769160622.5889425,12,79,0.3385,10,0.44,2.93
1769160622.6714094,1,0,0.8765,221,9.3,1.67
1769160622.6717927,12,79,0.1608,11,4.32,2.97
1769160622.7103844,1,0,0.8765,222,0.98,1.66
1769160622.7107975,12,79,0.1608,12,0.27,2.97
1769160622.7924483,1,0,0.8727,223,7.51,1.69
1769160622.792848,12,79,0.1336,13,4.93,2.89
1769160622.8327105,1,0,0.8727,224,0.8,1.69
1769160622.8330991,12,79,0.1336,14,0.44,2.88
1769160622.9168003,1,0,0.8532,225,22.95,1.54
1769160622.9171784,31,0,0.3122,0,0.0,0.9
1769160622.9970658,1,0,0.8483,226,6.54,1.51
1769160622.9974775,31,0,0.2444,1,1.93,0.9
1769160623.0349307,1,0,0.8483,227,0.53,1.51
1769160623.0353236,31,0,0.2444,2,0.12,0.9
1769160623.1184878,1,0,0.8505,228,41.02,1.78
1769160623.2024467,1,0,0.8494,229,3.65,1.8
1769160623.2028618,33,67,0.376,0,0.0,0.53
1769160623.241238,1,0,0.8494,230,0.27,1.81
1769160623.2416189,33,67,0.376,1,0.26,0.52
1769160623.3194504,1,0,0.8626,231,5.43,1.82
1769160623.3198636,33,67,0.1421,2,2.23,0.56
1769160623.3574772,1,0,0.8626,232,0.23,1.82
1769160623.3578644,33,67,0.1421,3,0.13,0.56
1769160623.4357514,1,0,0.8569,233,1.27,1.82
1769160623.4361575,33,67,0.2008,4,3.08,0.57
1769160623.4742796,1,0,0.8569,234,0.14,1.82
1769160623.4746945,33,67,0.2008,5,0.26,0.57
1769160623.551511,1,0,0.8764,235,0.27,1.82
1769160623.551899,33,67,0.1987,6,1.49,0.57
1769160623.5879536,1,0,0.8764,236,0.04,1.82
1769160623.5884635,33,67,0.1987,7,0.09,0.57
1769160623.6694207,1,0,0.8655,237,0.32,1.82
1769160623.669886,33,76,0.1708,8,3.66,0.6
1769160623.7065108,1,0,0.8655,238,0.08,1.81
1769160623.706918,33,76,0.1708,9,0.24,0.61
1769160623.787106,1,0,0.8655,239,33.74,1.61
1769160623.7875326,33,76,0.1561,10,4.8,0.63
1769160623.823053,1,0,0.8655,240,3.25,1.59
1769160623.8234618,33,76,0.1561,11,0.4,0.63
1769160623.9030707,1,0,0.8605,241,29.09,1.78
1769160623.9035623,33,76,0.1384,12,12.19,0.58
1769160623.9417596,1,0,0.8605,242,3.06,1.8
1769160623.9422212,33,76,0.1384,13,1.06,0.57
1769160624.0165408,1,0,0.8557,243,5.83,1.81
1769160624.016917,33,76,0.1274,14,0.1,0.57
1769160624.055528,1,0,0.8557,244,0.55,1.81
1769160624.055937,33,76,0.1274,15,0.11,0.57
1769160624.1370227,1,0,0.884,245,4.59,1.79
1769160624.2232776,1,0,0.8468,246,14.02,1.71
1769160624.2237206,34,0,0.429,0,0.0,0.95
1769160624.3075886,1,0,0.8696,247,20.76,1.6
1769160624.3080392,34,0,0.3105,1,4.25,0.9
1769160624.3465822,1,0,0.8696,248,1.92,1.59
1769160624.3469756,34,0,0.3105,2,0.21,0.9
1769160624.427111,1,0,0.8769,249,12.22,1.65
1769160624.4274833,34,0,0.6222,3,3.29,0.86
1769160624.4640706,1,0,0.8769,250,1.35,1.66
1769160624.4644873,34,0,0.6222,4,0.22,0.86
1769160624.5445418,1,0,0.8771,251,5.44,1.65
1769160624.5449114,34,0,0.5274,5,2.89,0.86
1769160624.583579,1,0,0.8771,252,0.54,1.65
1769160624.5839958,34,0,0.5274,6,0.16,0.86
1769160624.6648774,1,0,0.865,253,2.18,1.63
1769160624.6652503,34,0,0.4889,7,2.53,0.89
1769160624.7049625,1,0,0.865,254,0.15,1.63
1769160624.7053883,34,0,0.4889,8,0.15,0.89
1769160624.7880063,1,0,0.8752,255,3.08,1.64
1769160624.7884295,34,0,0.4435,9,0.86,0.9
1769160624.8274274,1,0,0.8752,256,0.41,1.65
1769160624.827824,34,0,0.4435,10,0.14,0.9
1769160624.909813,1,0,0.8763,257,4.5,1.63
1769160624.9102023,34,0,0.4683,11,0.93,0.89
1769160624.948074,1,0,0.8763,258,0.43,1.63
1769160624.9485054,34,0,0.4683,12,0.04,0.89
1769160625.0328736,1,0,0.8747,259,1.94,1.59
1769160625.0332694,34,0,0.4488,13,0.44,0.89
1769160625.0726972,1,0,0.8747,260,0.18,1.59
1769160625.073142,34,0,0.4488,14,0.03,0.89
1769160625.1574175,1,0,0.881,261,4.93,1.63
1769160625.1577642,34,0,0.5222,15,0.14,0.89
1769160625.1580226,38,79,0.3014,0,0.0,5.35
1769160625.1968348,1,0,0.881,262,0.52,1.63
1769160625.1972659,34,0,0.5222,16,0.02,0.89
1769160625.1976235,38,79,0.3014,1,0.0,5.35
1769160625.2815897,1,0,0.8918,263,4.23,1.65
1769160625.2820313,34,0,0.3139,17,1.31,0.91
1769160625.2824345,38,79,0.2533,2,1.43,5.51
1769160625.319818,1,0,0.8918,264,0.44,1.66
1769160625.320196,34,0,0.3139,18,0.09,0.91
1769160625.3204596,38,79,0.2533,3,0.05,5.51
1769160625.3589976,1,0,0.8918,265,0.15,1.66
1769160625.3594124,34,0,0.3139,19,0.03,0.91
1769160625.3596928,38,79,0.2533,4,0.01,5.51
1769160625.4418921,1,0,0.875,266,6.31,1.62
1769160625.4423199,34,0,0.4342,20,1.69,0.92
1769160625.4426253,38,44,0.1723,5,9.73,5.82
1769160625.4791405,1,0,0.875,267,0.68,1.62
1769160625.4795153,34,0,0.4342,21,0.02,0.92
1769160625.4797697,38,44,0.1723,6,0.91,5.84
1769160625.5171072,1,0,0.875,268,0.24,1.62
1769160625.5175035,34,0,0.4342,22,0.01,0.92
1769160625.5177667,38,44,0.1723,7,0.28,5.85
1769160625.5975854,1,0,0.8536,269,8.06,1.65
1769160625.5979831,34,0,0.1526,23,1.53,0.94
1769160625.598291,38,79,0.1168,8,43.92,5.13
1769160625.6389449,1,0,0.8536,270,0.78,1.65
1769160625.6393495,34,0,0.1526,24,0.15,0.94
1769160625.6396637,38,79,0.1168,9,3.95,5.04
1769160625.6765969,1,0,0.8536,271,0.28,1.65
1769160625.6769795,34,0,0.1526,25,0.05,0.94
1769160625.6772213,38,79,0.1168,10,1.16,5.01
1769160625.76491,1,0,0.8223,272,18.79,1.76
1769160625.7652895,34,0,0.133,26,16.34,1.12
1769160625.8041224,1,0,0.8223,273,1.87,1.77
1769160625.8045545,34,0,0.133,27,1.46,1.14
1769160625.8886971,1,0,0.8191,274,3.62,1.79
1769160625.8891032,34,0,0.1297,28,18.91,1.25
1769160625.9255996,1,0,0.8191,275,0.25,1.79
1769160625.925961,34,0,0.1297,29,1.47,1.26
1769160626.0115838,1,0,0.829,276,0.93,1.79
1769160626.0120766,34,0,0.2119,30,6.11,1.49
1769160626.012388,42,76,0.3687,0,0.0,0.9
1769160626.0126271,43,67,0.3503,0,0.0,0.83
1769160626.0528603,1,0,0.829,277,0.15,1.79
1769160626.0532882,34,0,0.2119,31,0.68,1.5
1769160626.0535772,42,76,0.3687,1,0.0,0.9
1769160626.0538476,43,67,0.3503,1,0.0,0.83
1769160626.1317184,1,0,0.83,278,3.73,1.8
1769160626.1321237,34,0,0.2185,32,3.36,1.5
1769160626.1324704,42,76,0.3953,2,5.88,0.84
1769160626.132767,43,67,0.3268,2,7.04,0.81
1769160626.1711736,1,0,0.83,279,0.5,1.8
1769160626.171564,34,0,0.2185,33,0.44,1.49
1769160626.1719778,42,76,0.3953,3,0.29,0.83
1769160626.1723084,43,67,0.3268,3,0.37,0.81
1769160626.2101853,1,0,0.83,280,0.21,1.8
1769160626.2105935,34,0,0.2185,34,0.18,1.49
1769160626.2109313,42,76,0.3953,4,0.04,0.83
1769160626.2112598,43,67,0.3268,4,0.05,0.81
1769160626.2493784,1,0,0.83,281,0.1,1.8
1769160626.2497563,34,0,0.2185,35,0.1,1.49
1769160626.2500196,42,76,0.3953,5,0.04,0.83
1769160626.2503808,43,67,0.3268,5,0.05,0.81
1769160626.3338332,1,0,0.8449,282,0.62,1.8
1769160626.3342593,34,0,0.2045,36,4.26,1.34
1769160626.334591,42,79,0.4168,6,10.31,0.81
1769160626.3348618,43,76,0.3943,6,11.13,0.81
1769160626.3719475,1,0,0.8449,283,0.06,1.8
1769160626.3723314,34,0,0.2045,37,0.47,1.32
1769160626.372606,42,79,0.4168,7,0.93,0.8
1769160626.3728497,43,76,0.3943,7,1.06,0.81
1769160626.4094236,1,0,0.8449,284,0.03,1.8
1769160626.4098146,34,0,0.2045,38,0.19,1.32
1769160626.4102113,42,79,0.4168,8,0.29,0.8
1769160626.4104874,43,76,0.3943,8,0.33,0.81
1769160626.4494376,1,0,0.8449,285,0.02,1.8
1769160626.4498217,34,0,0.2045,39,0.08,1.32
1769160626.4500813,42,79,0.4168,9,0.06,0.8
1769160626.450368,43,76,0.3943,9,0.07,0.81
1769160626.5384653,1,0,0.8562,286,5.61,1.77
1769160626.5389106,34,0,0.1489,40,1.24,1.34
1769160626.539194,42,67,0.4246,10,3.9,0.78
1769160626.5394125,43,79,0.3948,10,3.07,0.82
1769160626.5766513,1,0,0.8562,287,0.64,1.77
1769160626.5770733,34,0,0.1489,41,0.03,1.34
1769160626.5774112,42,67,0.4246,11,0.29,0.78
1769160626.5776765,43,79,0.3948,11,0.18,0.82
1769160626.616069,1,0,0.8562,288,0.21,1.77
1769160626.6164463,34,0,0.1489,42,0.01,1.34
1769160626.6166894,42,67,0.4246,12,0.12,0.78
1769160626.617122,43,79,0.3948,12,0.08,0.82
1769160626.6537535,1,0,0.8562,289,0.05,1.77
1769160626.654104,34,0,0.1489,43,0.0,1.34
1769160626.6544046,42,67,0.4246,13,0.06,0.78
1769160626.6546297,43,79,0.3948,13,0.06,0.82
1769160626.7380085,1,0,0.8656,290,0.82,1.78
1769160626.7384057,34,0,0.1466,44,2.74,1.33
1769160626.7387218,42,76,0.3562,14,5.64,0.86
1769160626.7390504,43,79,0.5267,14,4.76,0.83
1769160626.7393227,44,67,0.3002,0,0.0,0.81
1769160626.7759228,1,0,0.8656,291,0.18,1.78
1769160626.7762976,34,0,0.1466,45,0.06,1.33
1769160626.776572,42,76,0.3562,15,0.4,0.87
1769160626.776884,43,79,0.5267,15,0.27,0.83
1769160626.7771533,44,67,0.3002,1,0.0,0.81
1769160626.8156886,1,0,0.8656,292,0.06,1.78
1769160626.816072,34,0,0.1466,46,0.02,1.33
1769160626.8163443,42,76,0.3562,16,0.12,0.87
1769160626.8166723,43,79,0.5267,16,0.08,0.83
1769160626.8169436,44,67,0.3002,2,0.0,0.81
1769160626.8560407,1,0,0.8656,293,0.02,1.78
1769160626.8564847,34,0,0.1466,47,0.01,1.33
1769160626.8567545,42,76,0.3562,17,0.02,0.87
1769160626.8570085,43,79,0.5267,17,0.02,0.83
1769160626.857243,44,67,0.3002,3,0.0,0.81
1769160626.9443352,1,0,0.8492,294,36.3,1.59
1769160626.9447393,34,0,0.2374,48,18.04,0.94
1769160626.9817433,1,0,0.8492,295,3.52,1.57
1769160626.982173,34,0,0.2374,49,1.98,0.91
1769160627.0628204,1,0,0.897,296,32.37,1.76
1769160627.0632339,34,0,0.1277,50,12.2,1.01
1769160627.1012974,1,0,0.897,297,3.31,1.78
1769160627.1017256,34,0,0.1277,51,1.32,1.03
1769160627.1854188,1,0,0.8857,298,2.03,1.77
1769160627.2694557,1,0,0.8818,299,4.38,1.75
1769160627.3606038,1,0,0.8931,300,3.37,1.75
1769160627.4368558,1,0,0.8935,301,1.51,1.76
1769160627.518699,1,0,0.9031,302,3.01,1.76
1769160627.603154,1,0,0.8942,303,2.73,1.75
1769160627.6831064,1,0,0.8919,304,1.71,1.76
1769160627.7691982,1,0,0.8598,305,11.57,1.72
1769160627.7696223,47,0,0.3008,0,0.0,0.65
1769160627.8524022,1,0,0.9105,306,29.66,1.53
1769160627.934331,1,0,0.9075,307,2.17,1.51
1769160628.0138795,1,0,0.9053,308,2.83,1.49
1769160628.0919979,1,0,0.9042,309,1.81,1.5
1769160628.1738422,1,0,0.8943,310,2.28,1.54
1769160628.2554321,1,0,0.904,311,0.7,1.55
1769160628.3360515,1,0,0.906,312,1.56,1.55
1769160628.4148304,1,0,0.913,313,1.74,1.56
1769160628.4980338,1,0,0.9128,314,0.19,1.56
1769160628.5811822,1,0,0.908,315,0.17,1.56
1769160628.6587021,1,0,0.9207,316,2.51,1.56
1769160628.7370472,1,0,0.9092,317,2.1,1.58
1769160628.8154001,1,0,0.8925,318,0.4,1.58
1769160628.8953774,1,0,0.9059,319,0.85,1.58
1769160628.9749587,1,0,0.8911,320,1.89,1.59
1769160629.0549812,1,0,0.8967,321,7.55,1.53
1769160629.138052,1,0,0.8939,322,3.19,1.52
1769160629.2193289,1,0,0.8969,323,1.98,1.52
1769160629.301858,1,0,0.8974,324,0.44,1.53
1769160629.3787608,1,0,0.9041,325,0.65,1.53
1769160629.4609137,1,0,0.8928,326,7.08,1.54
1769160629.5397365,1,0,0.8928,327,0.66,1.55
1769160629.6197023,1,0,0.8971,328,4.02,1.54
1769160629.69847,1,0,0.8977,329,0.75,1.55
1769160629.7792675,1,0,0.9061,330,1.52,1.55
1769160629.8706083,1,0,0.9031,331,0.26,1.54
1769160629.9608128,1,0,0.9009,332,2.87,1.53
1769160630.050023,1,0,0.902,333,0.53,1.52
1769160630.1388676,1,0,0.8998,334,0.41,1.52
1769160630.2261245,1,0,0.9014,335,2.05,1.54
1769160630.3167703,1,0,0.9074,336,0.16,1.53
1769160630.4004362,1,0,0.907,337,0.44,1.54
1769160630.485724,1,0,0.9034,338,4.46,1.59
1769160630.5772178,1,0,0.9039,339,1.09,1.56
1769160630.661974,1,0,0.9003,340,1.34,1.6
1769160630.747076,1,0,0.8984,341,2.94,1.54
1769160630.8340857,1,0,0.9009,342,0.57,1.53
1769160630.9239159,1,0,0.9013,343,4.78,1.54
1769160631.0048964,1,0,0.9024,344,2.41,1.55
1769160631.0879867,1,0,0.9002,345,2.19,1.56
1769160631.1717713,1,0,0.8982,346,1.59,1.54
1769160631.2594078,1,0,0.8947,347,2.92,1.55
1769160631.348068,1,0,0.9072,348,0.09,1.55
1769160631.4375384,1,0,0.8961,349,1.31,1.55
1769160631.5243511,1,0,0.9005,350,2.94,1.6
1769160631.6134083,1,0,0.89,351,1.77,1.56
1769160631.7028956,1,0,0.9027,352,3.28,1.59
1769160631.7855847,1,0,0.9045,353,4.39,1.6
1769160631.8723588,1,0,0.9042,354,0.64,1.56
1769160631.956315,1,0,0.9063,355,0.4,1.56
1769160632.0426285,1,0,0.8999,356,0.81,1.61
1769160632.1483884,1,0,0.8983,357,1.58,1.57
1769160632.2361834,1,0,0.906,358,2.57,1.56
1769160632.3218825,1,0,0.9122,359,3.99,1.57
1769160632.407445,1,0,0.9031,360,5.58,1.58
1769160632.4964795,1,0,0.9014,361,3.33,1.6
1769160632.5898395,1,0,0.9009,362,4.63,1.57
1769160632.6737235,1,0,0.8888,363,0.35,1.55
1769160632.7701528,1,0,0.9056,364,4.31,1.57
1769160632.8577816,1,0,0.9015,365,0.89,1.56
1769160632.945705,1,0,0.9057,366,3.3,1.57
1769160633.0329514,1,0,0.8951,367,3.49,1.55
1769160633.120328,1,0,0.9017,368,4.58,1.57
1769160633.2193851,1,0,0.9034,369,1.98,1.56
1769160633.3025966,1,0,0.8947,370,7.07,1.56
1769160633.3897762,1,0,0.9006,371,1.57,1.56
1769160633.476869,1,0,0.9036,372,2.86,1.55
1769160633.5607865,1,0,0.8984,373,0.83,1.55
1769160633.6489134,1,0,0.8991,374,4.73,1.57
1769160633.736416,1,0,0.9059,375,4.85,1.55
1769160633.8269985,1,0,0.9069,376,1.42,1.56
1769160633.916921,1,0,0.8987,377,0.84,1.54
1769160634.0025194,1,0,0.9032,378,1.82,1.54
1769160634.089867,1,0,0.9052,379,2.88,1.56
1769160634.175916,1,0,0.9074,380,2.0,1.55
1769160634.2638104,1,0,0.9006,381,7.03,1.55
1769160634.3517447,1,0,0.9098,382,4.61,1.56
1769160634.437242,1,0,0.9079,383,2.06,1.55
1769160634.5272934,1,0,0.9063,384,0.55,1.54
1769160634.6117346,1,0,0.9076,385,1.9,1.55
1769160634.7043319,1,0,0.9056,386,2.14,1.54
1769160634.789536,1,0,0.9067,387,0.74,1.55
1769160634.8798003,1,0,0.9003,388,1.3,1.54
1769160634.9710188,1,0,0.8993,389,0.05,1.53
1769160635.0647984,1,0,0.8953,390,0.56,1.55
1769160635.15296,1,0,0.905,391,0.84,1.54
1769160635.23955,1,0,0.8967,392,2.78,1.55
1769160635.3314397,1,0,0.9025,393,0.23,1.55
1769160635.4179559,1,0,0.9037,394,0.98,1.55
1769160635.5019848,1,0,0.9001,395,0.76,1.55
1769160635.5911705,1,0,0.9035,396,1.75,1.55
1769160635.6832502,1,0,0.9037,397,2.15,1.54
1769160635.7768335,1,0,0.8957,398,0.3,1.55
1769160635.8658903,1,0,0.8951,399,0.17,1.55
1769160635.954776,1,0,0.8996,400,1.44,1.55
1769160636.0418549,1,0,0.8994,401,0.57,1.55
1769160636.1248565,1,0,0.8999,402,0.68,1.55
1769160636.2108326,1,0,0.8998,403,1.93,1.55
1769160636.2973962,1,0,0.9013,404,0.95,1.54
1769160636.388249,1,0,0.9041,405,6.1,1.55
1769160636.4767227,1,0,0.894,406,5.52,1.56
1769160636.5574715,1,0,0.892,407,1.75,1.53
1769160636.6380398,1,0,0.892,408,4.37,1.53
1769160636.7200112,1,0,0.8885,409,2.93,1.53
1769160636.8007114,1,0,0.8857,410,1.5,1.52
1769160636.8829143,1,0,0.893,411,2.24,1.53
1769160636.9634638,1,0,0.8883,412,1.08,1.54
1769160637.0433092,1,0,0.9044,413,2.25,1.56
1769160637.1231134,1,0,0.909,414,4.62,1.51
1769160637.2034209,1,0,0.9021,415,3.01,1.54
1769160637.2835743,1,0,0.9005,416,1.61,1.54
1769160637.3674836,1,0,0.8997,417,3.35,1.54
1769160637.4475276,1,0,0.9053,418,8.46,1.49
1769160637.5256953,1,0,0.9093,419,7.12,1.52
1769160637.5261266,48,63,0.384,0,0.0,1.38
1769160637.6078026,1,0,0.9109,420,2.36,1.5
1769160637.6869166,1,0,0.8858,421,1.57,1.46
1769160637.7668047,1,0,0.8868,422,0.59,1.43
1769160637.8463323,1,0,0.8621,423,0.66,1.45
1769160637.9256136,1,0,0.8849,424,1.31,1.45
1769160638.006087,1,0,0.8918,425,0.32,1.44
1769160638.0886986,1,0,0.8967,426,2.23,1.43
1769160638.1731749,1,0,0.8934,427,0.56,1.43
1769160638.2586122,1,0,0.9143,428,1.43,1.44
1769160638.3378115,1,0,0.9068,429,0.59,1.44
1769160638.4260345,1,0,0.8765,430,1.0,1.44
1769160638.507109,1,0,0.8975,431,1.6,1.43
1769160638.5886803,1,0,0.8937,432,7.35,1.41
1769160638.6666212,1,0,0.877,433,2.41,1.41
1769160638.7505858,1,0,0.8734,434,13.18,1.38
1769160638.8317842,1,0,0.8856,435,2.14,1.4
1769160638.9128897,1,0,0.8846,436,2.34,1.37
1769160638.9923475,1,0,0.8955,437,0.23,1.35
1769160639.076315,1,0,0.8728,438,7.17,1.35
1769160639.153279,1,0,0.8738,439,0.58,1.32
1769160639.2304623,1,0,0.8753,440,2.29,1.32
1769160639.2308614,49,63,0.3976,0,0.0,1.34
1769160639.3126318,1,0,0.8696,441,3.66,1.3
1769160639.3130276,49,63,0.2439,1,0.27,1.36
1769160639.3482027,1,0,0.8696,442,0.36,1.3
1769160639.348612,49,63,0.2439,2,0.02,1.36
1769160639.4250948,1,0,0.8779,443,6.8,1.33
1769160639.425497,49,63,0.2092,3,0.55,1.34
1769160639.4633448,1,0,0.8779,444,0.72,1.33
1769160639.4638762,49,63,0.2092,4,0.03,1.34
1769160639.5452893,1,0,0.8997,445,6.49,1.4
1769160639.5457044,49,63,0.2571,5,0.89,1.35
1769160639.5825074,1,0,0.8997,446,0.5,1.4
1769160639.5829084,49,63,0.2571,6,0.05,1.34
1769160639.66203,1,0,0.885,447,10.33,1.36
1769160639.6624174,49,63,0.2355,7,0.97,1.36
1769160639.6981716,1,0,0.885,448,1.04,1.36
1769160639.6985536,49,63,0.2355,8,0.11,1.36
